texture_id,file
0,texture-000.png
1,texture-001.png
2,texture-002.png
3,texture-003.png
4,texture-004.png
5,texture-005.png
6,texture-006.png
7,texture-007.png
8,texture-008.png
9,texture-009.png
10,texture-010.png
11,texture-011.png
12,texture-012.png
13,texture-013.png
14,texture-014.png
15,texture-015.png
16,texture-016.png
17,texture-017.png
18,texture-018.png
19,texture-019.png
20,texture-020.png
21,texture-021.png
22,texture-022.png
23,texture-023.png
24,texture-024.png
25,texture-025.png
26,texture-026.png
27,texture-027.png
28,texture-028.png
29,texture-029.png
30,texture-030.png
31,texture-031.png
32,texture-032.png
33,texture-033.png
34,texture-034.png
35,texture-035.png
36,texture-036.png
37,texture-037.png
38,texture-038.png
39,texture-039.png
40,texture-040.png
41,texture-041.png
42,texture-042.png
43,texture-043.png
44,texture-044.png
45,texture-045.png
46,texture-046.png
47,texture-047.png
48,texture-048.png
49,texture-049.png
50,texture-050.png
51,texture-051.png
52,texture-052.png
53,texture-053.png
55,texture-055.png
56,texture-056.png
57,texture-057.png
58,texture-058.png
59,texture-059.png
60,texture-060.png
61,texture-061.png
62,texture-062.png
63,texture-063.png
64,texture-064.png
65,texture-065.png
66,texture-066.png
67,texture-067.png
68,texture-068.png
69,texture-069.png
70,texture-070.png
71,texture-071.png
72,texture-072.png
73,texture-073.png
74,texture-074.png
75,texture-075.png
76,texture-076.png
77,texture-077.png
78,texture-078.png
79,texture-079.png
80,texture-080.png
81,texture-081.png
82,texture-082.png
83,texture-083.png
84,texture-084.png
85,texture-085.png
86,texture-086.png
87,texture-087.png
88,texture-088.png
89,texture-089.png
90,texture-090.png
91,texture-091.png
92,texture-092.png
93,texture-093.png
94,texture-094.png
95,texture-095.png
96,texture-096.png
97,texture-097.png
98,texture-098.png
99,texture-099.png
100,texture-100.png
101,texture-101.png
102,texture-102.png
103,texture-103.png
104,texture-104.png
105,texture-105.png
106,texture-106.png
107,texture-107.png
108,texture-108.png
109,texture-109.png
110,texture-110.png
111,texture-111.png
112,texture-112.png
113,texture-113.png
114,texture-114.png
115,texture-115.png
116,texture-116.png
117,texture-117.png
118,texture-118.png
119,texture-119.png
120,texture-120.png
121,texture-121.png
122,texture-122.png
123,texture-123.png
124,texture-124.png
125,texture-125.png
126,texture-126.png
127,texture-127.png
128,texture-128.png
129,texture-129.png
130,texture-130.png
131,texture-131.png
132,texture-132.png
133,texture-133.png
134,texture-134.png
135,texture-135.png
136,texture-136.png
137,texture-137.png
138,texture-138.png
139,texture-139.png
140,texture-140.png
141,texture-141.png
142,texture-142.png
143,texture-143.png
144,texture-144.png
145,texture-145.png
146,texture-146.png
147,texture-147.png
148,texture-148.png
149,texture-149.png
150,texture-150.png
151,texture-151.png
152,texture-152.png
153,texture-153.png
154,texture-154.png
155,texture-155.png
156,texture-156.png
157,texture-157.png
158,texture-158.png
159,texture-159.png
160,texture-160.png
161,texture-161.png
162,texture-162.png
163,texture-163.png
164,texture-164.png
165,texture-165.png
166,texture-166.png
167,texture-167.png
168,texture-168.png
169,texture-169.png
170,texture-170.png
171,texture-171.png
172,texture-172.png
173,texture-173.png
174,texture-174.png
175,texture-175.png
176,texture-176.png
177,texture-177.png
178,texture-178.png
179,texture-179.png
180,texture-180.png
181,texture-181.png
182,texture-182.png
183,texture-183.png
184,texture-184.png
185,texture-185.png
186,texture-186.png
187,texture-187.png
188,texture-188.png
189,texture-189.png
190,texture-190.png
191,texture-191.png
192,texture-192.png
193,texture-193.png
194,texture-194.png
195,texture-195.png
196,texture-196.png
197,texture-197.png
198,texture-198.png
199,texture-199.png
200,texture-200.png
201,texture-201.png
202,texture-202.png
203,texture-203.png
204,texture-204.png
205,texture-205.png
206,texture-206.png
207,texture-207.png
208,texture-208.png
209,texture-209.png
210,texture-210.png
211,texture-211.png
212,texture-212.png
213,texture-213.png
214,texture-214.png
